cause,effect,low,query,tinfer,tlearn,upp
V1,V0,0.00964581088561398,PS,156,12365,0.00964581088561398
V2,V0,1.0,PS,21,12365,1.0
V1,V0,0.014290000000000002,PN,7,12365,0.014290000000000002
V2,V0,0.020367150309284227,PN,6,12365,0.020367150309284227
