cause,effect,low,query,tinfer,tlearn,upp
V1,V0,0.3037258962271079,PS,9,127,0.7723487685597216
V1,V0,0.39324966723711735,PN,0,127,1.0
