cause,effect,low,query,tinfer,tlearn,upp
V1,V0,0.2736590312739113,PS,1473,13608,1.0
V2,V0,0.4315392596872229,PS,37,13608,1.0
V1,V0,0.06927301682656838,PN,31,13608,0.2531362349128231
V2,V0,0.14771521500648066,PN,28,13608,0.34229843911199126
