cause,effect,low,query,tinfer,tlearn,upp
V1,V0,0.0012753115694449787,PS,429,8685,0.5046920621430279
V2,V0,0.0,PS,241,8685,0.4727860114993959
V1,V0,0.0025269102985882906,PN,193,8685,1.0
V2,V0,0.0,PN,155,8685,1.0
