cause,effect,low,query,tinfer,tlearn,upp
V1,V0,0.15691916016475546,PS,565,13272,0.9516720779663641
V2,V0,0.0059443595393632535,PS,174,13272,0.8075676141498238
V1,V0,0.1648878471879487,PN,119,13272,1.0
V2,V0,0.007201786467405704,PN,100,13272,0.9783946405977828
