cause,effect,low,query,tinfer,tlearn,upp
V1,V0,0.4315187367083038,PS,9,123,1.0
V1,V0,0.2300244970290837,PN,0,123,0.5330579589283853
