cause,effect,low,query,tinfer,tlearn,upp
V1,V0,0.8868680126814616,PS,9,125,1.0
V1,V0,0.8221372696336235,PN,0,125,0.9270119768418261
