cause,effect,low,query,tinfer,tlearn,upp
V1,V0,0.0,PS,1016,12233,1.0
V2,V0,0.0,PS,51,12233,1.0
V1,V0,0.0,PN,28,12233,0.013176532815685675
V2,V0,0.0,PN,8,12233,0.15055530292087643
