cause,effect,low,query,tinfer,tlearn,upp
V1,V0,0.12342318990841541,PS,9,126,1.0
V1,V0,0.03584287847043621,PN,0,126,0.2904063531094356
