cause,effect,low,query,tinfer,tlearn,upp
V1,V0,0.15691916016475546,PS,348,12630,0.9337468396195872
V2,V0,0.1871692868648649,PS,31,12630,0.8075676141498238
V1,V0,0.16488784718794872,PN,18,12630,0.981164480116847
V2,V0,0.22676172737050662,PN,26,12630,0.9783946405977828
