cause,effect,low,query,tinfer,tlearn,upp
V1,V0,1.0,PS,303,12884,1.0
V2,V0,1.0,PS,28,12884,1.0
V1,V0,0.012476160000000002,PN,8,12884,0.012476160000000002
V2,V0,0.01207944,PN,23,12884,0.01207944
