cause,effect,low,query,tinfer,tlearn,upp
V1,V0,0.17862050667057702,PS,1270,14111,0.9570612003118598
V2,V0,0.07653946227233305,PS,111,14111,0.7270607764690522
V1,V0,0.17979869058821224,PN,86,14111,0.9633739923614296
V2,V0,0.09426875597632728,PN,72,14111,0.8954742152884861
