cause,effect,low,query,tinfer,tlearn,upp
V1,V0,0.9732649137202553,PS,9,128,1.0
V1,V0,0.8124354662277518,PN,0,128,0.8347526503572998
