cause,effect,low,query,tinfer,tlearn,upp
V1,V0,0.031694339277282026,PS,192,16501,0.3265039035100789
V2,V0,0.07799733707243492,PS,27,16501,0.5491419289756209
V1,V0,0.06288209168178939,PN,10,16501,0.6477891277481009
V2,V0,0.1366447827745266,PN,27,16501,0.9620505316427942
