cause,effect,low,query,tinfer,tlearn,upp
V1,V0,0.2736590312739113,PS,229,12714,0.8578002237121861
V2,V0,0.4315392596872229,PS,15,12714,0.7418362160518728
V1,V0,0.0692730168265684,PN,17,12714,0.21714031893788013
V2,V0,0.14771521500648066,PN,23,12714,0.253929378831302
