cause,effect,low,query,tinfer,tlearn,upp
V1,V0,0.41171077892102936,PS,9,127,0.49025000539269614
V1,V0,0.8397976020239798,PN,0,127,1.0
