cause,effect,low,query,tinfer,tlearn,upp
V1,V0,0.07928246886790116,PS,1415,12788,0.3119301449463023
V2,V0,0.0,PS,38,12788,0.24715527785103067
V1,V0,0.1942445499753537,PN,20,12788,0.7642386960703302
V2,V0,0.0,PN,29,12788,1.0
