cause,effect,low,query,tinfer,tlearn,upp
V1,V0,0.8865978231778036,PS,9,121,1.0
V1,V0,0.8850285536173481,PN,0,121,0.9982300096848526
