cause,effect,low,query,tinfer,tlearn,upp
V1,V0,0.018745339203808317,PS,9,122,0.040289709983553135
V1,V0,0.46526369168357,PN,0,122,1.0
