cause,effect,low,query,tinfer,tlearn,upp
V1,V0,0.01042379244970156,PS,488,13140,0.5046920621430279
V2,V0,0.0,PS,34,13140,0.3838046561317956
V1,V0,0.020653767379340108,PN,23,13140,1.0
V2,V0,0.0,PN,10,13140,0.8117935954039665
