cause,effect,low,query,tinfer,tlearn,upp
V1,V0,0.3888974809492812,PS,389,12778,0.6090175849023359
V2,V0,0.410732357387782,PS,125,12778,0.5901702156098286
V1,V0,0.6385652739594475,PN,100,12778,1.0
V2,V0,0.6453022569879029,PN,100,12778,0.9272173601372766
