cause,effect,low,query,tinfer,tlearn,upp
V1,V0,0.03169433927728203,PS,1484,13903,0.5040280695125268
V2,V0,0.07799733707243492,PS,106,13903,0.5708036230050285
V1,V0,0.06288209168178939,PN,87,13903,1.0
V2,V0,0.1366447827745266,PN,68,13903,1.0
