cause,effect,low,query,tinfer,tlearn,upp
V1,V0,0.3408877774546624,PS,262,11878,1.0
V2,V0,0.38846809845772545,PS,74,11878,1.0
V1,V0,0.10763314151041094,PN,79,11878,0.3157436218866076
V2,V0,0.14509583578196772,PN,74,11878,0.37350772523669035
