cause,effect,low,query,tinfer,tlearn,upp
V1,V0,0.03293767784329255,PS,1004,11258,0.05709319721904428
V2,V0,0.0,PS,26,11258,1.0
V1,V0,0.05463558535954868,PN,18,11258,0.09470370877241004
V2,V0,0.0,PN,13,11258,0.011318583367526119
