cause,effect,low,query,tinfer,tlearn,upp
V1,V0,0.02441173789289223,PS,8,127,0.037346920170578286
V1,V0,0.6536479522647138,PN,0,127,1.0
