cause,effect,low,query,tinfer,tlearn,upp
V1,V0,0.2929828145793648,PS,361,13297,0.4832131080897211
V2,V0,0.31507750496107867,PS,31,13297,0.5133483608284929
V1,V0,0.5586636949730378,PN,20,13297,0.9213974574323814
V2,V0,0.6137693796325269,PN,18,13297,1.0
