cause,effect,low,query,tinfer,tlearn,upp
V1,V0,0.4544738323016319,PS,9,126,1.0
V1,V0,0.4278125047297604,PN,0,126,0.9413358356919072
