cause,effect,low,query,tinfer,tlearn,upp
V1,V0,0.014101312253087684,PS,111,8110,0.09812254062176591
V2,V0,0.0,PS,25,8110,1.0
V1,V0,0.01888542774376668,PN,29,8110,0.1314123194840545
V2,V0,0.0,PN,12,8110,0.030352865221885725
