cause,effect,low,query,tinfer,tlearn,upp
V1,V0,0.7411052703525581,PS,9,119,0.983819856093651
V1,V0,0.7532936703424407,PN,0,119,1.0
