cause,effect,low,query,tinfer,tlearn,upp
V1,V0,0.36943329472211034,PS,155,12633,0.3708541574145854
V2,V0,0.5149632106118646,PS,7,12633,0.5158222267789324
V1,V0,0.6120339567003272,PN,15,12633,0.6143878761440458
V2,V0,0.9953510013212915,PN,16,12633,0.9970113579922588
