cause,effect,low,query,tinfer,tlearn,upp
V1,V0,0.7511947213933968,PS,9,127,0.9641098415932853
V1,V0,0.7791588561651591,PN,0,127,1.0
