cause,effect,low,query,tinfer,tlearn,upp
V1,V0,0.0410664373253064,PS,289,13022,1.0
V2,V0,0.2913926872445672,PS,17,13022,0.5578223462303394
V1,V0,0.0018439698757152312,PN,23,13022,0.044902114617547326
V2,V0,0.016668867034128034,PN,11,13022,0.0319097455941809
