cause,effect,low,query,tinfer,tlearn,upp
V1,V0,0.5423273455196755,PS,9,124,0.8592951588263182
V1,V0,0.6311304561059343,PN,0,124,1.0
