cause,effect,low,query,tinfer,tlearn,upp
V1,V0,0.305214983803808,PS,375,10486,0.5081797467947423
V2,V0,0.2993280018779595,PS,63,10486,0.5104019571986977
V1,V0,0.6006043840371442,PN,51,10486,1.0
V2,V0,0.5864554350864923,PN,48,10486,1.0
