cause,effect,low,query,tinfer,tlearn,upp
V1,V0,0.9514577811435062,PS,8,125,1.0
V1,V0,0.5157847202266103,PN,0,125,0.5420994293690217
