cause,effect,low,query,tinfer,tlearn,upp
V1,V0,0.6607287250986253,PS,9,125,0.8858886084634044
V1,V0,0.7458372517563756,PN,0,125,1.0
