cause,effect,low,query,tinfer,tlearn,upp
V1,V0,0.0,PS,155,11049,1.0
V2,V0,0.0,PS,25,11049,1.0
V1,V0,0.0,PN,31,11049,0.013176532815685673
V2,V0,0.0,PN,32,11049,0.15055530292087643
