cause,effect,low,query,tinfer,tlearn,upp
V1,V0,0.013631823880660449,PS,9,125,0.07612783952060181
V1,V0,0.17906489881367763,PN,0,125,1.0
