cause,effect,low,query,tinfer,tlearn,upp
V1,V0,0.012263009865784527,PS,818,13573,0.2132844235590112
V2,V0,0.012471138142806463,PS,150,13573,0.2220223398543021
V1,V0,0.05749604055071382,PN,118,13573,1.0
V2,V0,0.056170645489955685,PN,117,13573,1.0
