cause,effect,low,query,tinfer,tlearn,upp
V1,V0,0.0,PS,1419,12638,1.0
V2,V0,0.8247927559122356,PS,58,12638,1.0
V1,V0,0.0,PN,16,12638,0.057189283188030286
V2,V0,0.05234709132460969,PN,23,12638,0.06346696300298235
