cause,effect,low,query,tinfer,tlearn,upp
V1,V0,0.5683544859689957,PS,9,123,0.6662421501032014
V1,V0,0.8530749456199328,PN,0,123,1.0
