cause,effect,low,query,tinfer,tlearn,upp
V1,V0,0.0,PS,72,820,0.7552919448785339
V2,V0,0.0512185777856364,PS,10,820,0.5052014263401409
V1,V0,0.0,PN,5,820,0.0065820737070926665
V2,V0,6.638837197605994E-4,PN,21,820,0.0065483075994568225
