cause,effect,low,query,tinfer,tlearn,upp
V1,V0,0.0,PS,910,12739,0.7552919448785338
V2,V0,0.051218577785636404,PS,46,12739,0.505201426340141
V1,V0,0.0,PN,29,12739,0.006582073707092667
V2,V0,6.638837197605993E-4,PN,6,12739,0.006548307599456823
