cause,effect,low,query,tinfer,tlearn,upp
V1,V0,0.6153462745679146,PS,9,126,0.9624560505435589
V1,V0,0.6393499986003416,PN,0,126,1.0
