cause,effect,low,query,tinfer,tlearn,upp
V1,V0,0.004262738713367948,PS,369,13022,0.05709319721904428
V2,V0,0.0,PS,31,13022,1.0
V1,V0,0.0070708453081520005,PN,15,13022,0.09470370877241004
V2,V0,0.0,PN,7,13022,0.011318583367526119
