cause,effect,low,query,tinfer,tlearn,upp
V1,V0,0.07928246886790116,PS,266,7550,0.4081580094677598
V2,V0,0.0,PS,91,7550,0.24715527785103075
V1,V0,0.19424454997535368,PN,107,7550,1.0
V2,V0,0.0,PN,82,7550,1.0
