cause,effect,low,query,tinfer,tlearn,upp
V1,V0,0.0,PS,564,13399,0.4722638465010656
V2,V0,0.0,PS,195,13399,0.47748960692861736
V1,V0,0.0,PN,164,13399,1.0
V2,V0,0.0,PN,120,13399,1.0
