cause,effect,low,query,tinfer,tlearn,upp
V1,V0,0.8613048468261676,PS,9,126,1.0
V1,V0,0.09911713011409239,PN,0,126,0.11507787339097217
