cause,effect,low,query,tinfer,tlearn,upp
V1,V0,0.012263009865784526,PS,497,13266,0.21328442355901112
V2,V0,0.012471138142806463,PS,131,13266,0.2220223398543021
V1,V0,0.05749604055071382,PN,119,13266,1.0
V2,V0,0.05617064548995569,PN,124,13266,1.0
