cause,effect,low,query,tinfer,tlearn,upp
V1,V0,0.0,PS,290,13056,1.0
V2,V0,0.31072919773337315,PS,47,13056,1.0
V1,V0,0.0,PN,45,13056,0.1219496358282676
V2,V0,0.06921470501412501,PN,32,13056,0.22274927981990267
