cause,effect,low,query,tinfer,tlearn,upp
V1,V0,0.7210247097808495,PS,363,10879,0.9844883031342317
V2,V0,0.31927666412829503,PS,97,10879,0.7405762080357261
V1,V0,0.6506208706901839,PN,98,10879,0.8883587875430508
V2,V0,0.22823071100053233,PN,90,10879,0.5293911315803326
