cause,effect,low,query,tinfer,tlearn,upp
V1,V0,0.0,PS,477,11172,0.4722638465010656
V2,V0,0.0,PS,197,11172,0.47748960692861736
V1,V0,0.0,PN,145,11172,1.0
V2,V0,0.0,PN,106,11172,1.0
