cause,effect,low,query,tinfer,tlearn,upp
V1,V0,0.05543142236233969,PS,8,125,0.07570424331466234
V1,V0,0.7322102425876011,PN,0,125,1.0
