cause,effect,low,query,tinfer,tlearn,upp
V1,V0,0.5367931101975947,PS,377,13118,0.6638015876271868
V2,V0,0.18242907087235544,PS,79,13118,1.0
V1,V0,0.6934615694192665,PN,73,13118,0.8575387462955786
V2,V0,0.10211198938747451,PN,46,13118,0.559735292731506
