cause,effect,low,query,tinfer,tlearn,upp
V1,V0,0.029274957268455446,PS,1044,12342,0.09812254062176591
V2,V0,0.0,PS,53,12342,1.0
V1,V0,0.03920699579389952,PN,23,12342,0.1314123194840545
V2,V0,0.0,PN,18,12342,0.030352865221885725
