cause,effect,low,query,tinfer,tlearn,upp
V1,V0,0.6482427316236874,PS,9,124,1.0
V1,V0,0.4520254535945108,PN,0,124,0.6973089423807329
