cause,effect,low,query,tinfer,tlearn,upp
V1,V0,0.3694332947221104,PS,1002,12846,0.6036156828844017
V2,V0,0.25612521699223584,PS,52,12846,0.5173684558796546
V1,V0,0.6120339567003273,PN,10,12846,1.0
V2,V0,0.49505379402530336,PN,9,12846,1.0
