cause,effect,low,query,tinfer,tlearn,upp
V1,V0,0.3408877774546624,PS,1524,12149,1.0
V2,V0,0.38846809845772545,PS,28,12149,0.8019097709840313
V1,V0,0.10763314151041094,PN,24,12149,0.3157436218866075
V2,V0,0.1450958357819677,PN,27,12149,0.2995194944053209
