cause,effect,low,query,tinfer,tlearn,upp
V1,V0,0.3099108370713962,PS,244,12828,0.4832131080897212
V2,V0,0.4672738642311647,PS,27,12828,0.5133483608284929
V1,V0,0.5909422830791781,PN,8,12828,0.9213974574323814
V2,V0,0.9102471146046546,PN,26,12828,1.0
